{"cameraMode":{"drawMode":0,"name":"Shaded","section":"Shading Mode"},"sceneLighting":true,"audioPlay":false,"sceneViewState":{"showFog":false,"showMaterialUpdate":false,"showSkybox":false,"showFlares":false,"showImageEffects":false,"showParticleSystems":false},"in2DMode":false,"pivot":{"x":0.6055678129196167,"y":0.7153792381286621,"z":-14.16910171508789},"rotation":{"x":0.213899165391922,"y":0.06149549037218094,"z":-0.013493363745510579,"w":0.9748259782791138},"size":14.639463424682618,"orthographic":false}