{"cameraMode":{"drawMode":0,"name":"Shaded","section":"Shading Mode"},"sceneLighting":true,"audioPlay":false,"sceneViewState":{"showFog":false,"showMaterialUpdate":false,"showSkybox":false,"showFlares":false,"showImageEffects":false,"showParticleSystems":false},"in2DMode":false,"pivot":{"x":0.38463515043258669,"y":1.8168301582336426,"z":-17.647537231445314},"rotation":{"x":0.37739190459251406,"y":-0.009723356924951077,"z":0.0039629763923585419,"w":0.9259969592094421},"size":9.172479629516602,"orthographic":false}